<?xml version="1.0" encoding="UTF-8" ?>
<webTalkData  fileName='C:\xup\PR\labs\uart_through_gpio\uart_through_gpio.sdk\webtalk\usage_statistics_ext_sdk.xml'  majorVersion='1' minorVersion='0' timeStamp='Sun Oct 26 14:11:09 2014'>
<section name="__ROOT__" level="0" order="1" description="">
 <section name="software_version_and_target_device" level="1" order="1" description="">
  <keyValuePair key="beta" value="false" description="" />
  <keyValuePair key="build_version" value="2014.3" description="" />
  <keyValuePair key="date_generated" value="Sun Oct 26 14:11:06 2014" description="" />
  <keyValuePair key="os_platform" value="amd64" description="" />
  <keyValuePair key="product_version" value="SDK v2014.3" description="" />
  <keyValuePair key="project_id" value="2014.3_5" description="" />
  <keyValuePair key="project_iteration" value="5" description="" />
  <keyValuePair key="random_id" value="fndekpdq5l149r08tcumsbengu" description="" />
  <keyValuePair key="registration_id" value="175615891_134688_210578762_105" description="" />
  <keyValuePair key="route_design" value="NA" description="" />
  <keyValuePair key="target_device" value="NA" description="" />
  <keyValuePair key="target_family" value="NA" description="" />
  <keyValuePair key="target_package" value="NA" description="" />
  <keyValuePair key="target_speed" value="NA" description="" />
  <keyValuePair key="tool_flow" value="SDK" description="" />
 </section>
 <section name="user_environment" level="1" order="2" description="">
  <keyValuePair key="cpu_name" value="Intel(R) Core(TM) i7-3720QM CPU @ 2.60GHz" description="" />
  <keyValuePair key="cpu_speed" value="2591 MHz" description="" />
  <keyValuePair key="os_name" value="Microsoft Windows 7 , 64-bit" description="" />
  <keyValuePair key="os_release" value="Service Pack 1  (build 7601)" description="" />
  <keyValuePair key="system_ram" value="8.000 GB" description="" />
  <keyValuePair key="total_processors" value="1" description="" />
 </section>
 <section name="sdk" level="1" order="3" description="">
  <section name="application/1414357249373" level="2" order="1" description="">
   <keyValuePair key="apptemplate" value="empty_application" description="" />
   <keyValuePair key="bspid" value="1414357229833" description="" />
   <keyValuePair key="hwid" value="1414357220461" description="" />
   <keyValuePair key="newbsp" value="false" description="" />
   <keyValuePair key="os" value="standalone" description="" />
   <keyValuePair key="uid" value="1414357249373" description="" />
  </section>
  <section name="application/1414357399441" level="2" order="2" description="">
   <keyValuePair key="apptemplate" value="zynq_fsbl" description="" />
   <keyValuePair key="bspid" value="1414357397461" description="" />
   <keyValuePair key="hwid" value="1414357220461" description="" />
   <keyValuePair key="newbsp" value="true" description="" />
   <keyValuePair key="os" value="standalone" description="" />
   <keyValuePair key="uid" value="1414357399441" description="" />
  </section>
  <section name="bsp/1414357229833" level="2" order="3" description="">
   <keyValuePair key="apptemplate" value="null" description="" />
   <keyValuePair key="hwid" value="1414357220461" description="" />
   <keyValuePair key="os" value="standalone" description="" />
   <keyValuePair key="uid" value="1414357229833" description="" />
  </section>
  <section name="bsp/1414357397461" level="2" order="4" description="">
   <keyValuePair key="apptemplate" value="zynq_fsbl" description="" />
   <keyValuePair key="hwid" value="1414357220461" description="" />
   <keyValuePair key="os" value="standalone" description="" />
   <keyValuePair key="uid" value="1414357397461" description="" />
  </section>
  <section name="hardware/1414357220461" level="2" order="5" description="">
   <keyValuePair key="arch" value="zynq" description="" />
   <keyValuePair key="device" value="7z020" description="" />
   <keyValuePair key="ishandoff" value="true" description="" />
   <keyValuePair key="iszynq" value="true" description="" />
   <keyValuePair key="processors" value="2" description="" />
   <keyValuePair key="uid" value="1414357220461" description="" />
   <keyValuePair key="vivadoversion" value="2014.3" description="" />
  </section>
 </section>
 <section name="vivado_usage" level="1" order="4" description="">
 </section>
</section>
</webTalkData>
